{
  "cmd/agentboard/main.go": 1777321661.2252584,
  "internal/tui/keybindings.go": 1776109619.9036431,
  "internal/tui/command_test.go": 1776264614.0554452,
  "internal/tui/palette_test.go": 1776264614.0554452,
  "internal/tui/modal_test.go": 1776269575.6784823,
  "internal/tui/ticketcard.go": 1777141062.9136066,
  "internal/tui/ticketcard_test.go": 1776354949.3498223,
  "internal/tui/ticketer_animation.go": 1776354949.3498223,
  "internal/tui/ticketer_animation_test.go": 1776354949.3498223,
  "internal/tui/notification.go": 1777207817.6285956,
  "internal/tui/notification_app_test.go": 1776509031.0099697,
  "internal/tui/notification_test.go": 1776444633.3898966,
  "internal/tui/pane.go": 1776877601.64918,
  "internal/tui/app_test.go": 1777145146.019016,
  "internal/tui/dashboard_test.go": 1777145146.019016,
  "internal/tui/command.go": 1777158868.1022005,
  "internal/tui/app_commands.go": 1777159375.791793,
  "internal/tui/textinput_modal.go": 1777159963.309334,
  "internal/tui/dashboard.go": 1777220948.4046478,
  "internal/tui/kanban.go": 1777220948.4047048,
  "internal/tui/kanban_test.go": 1777220948.4047596,
  "internal/tui/palette.go": 1777220948.4048018,
  "internal/tui/ticketview_test.go": 1777220948.4049199,
  "internal/tui/modal.go": 1777315765.4568136,
  "internal/tui/ticketview.go": 1777315765.4569433,
  "internal/tui/app.go": 1777401877.4786615,
  "internal/orchestrator/coordinator_test.go": 1776514929.874553,
  "internal/orchestrator/approval_test.go": 1776514908.5740178,
  "internal/orchestrator/approval.go": 1776512040.4532619,
  "internal/orchestrator/actions_test.go": 1776514901.8168447,
  "internal/orchestrator/actions.go": 1776500319.2459407,
  "internal/orchestrator/exec_runner.go": 1777145146.0178926,
  "internal/orchestrator/exec_runner_test.go": 1777145146.0178926,
  "internal/orchestrator/helpers_test.go": 1777145146.0178926,
  "internal/orchestrator/pty_runner.go": 1777321649.339488,
  "internal/orchestrator/pty_runner_test.go": 1777145146.0178926,
  "internal/orchestrator/service.go": 1777145146.0178926,
  "internal/orchestrator/service_test.go": 1777145146.0178926,
  "internal/orchestrator/summarizer.go": 1777145146.0178926,
  "internal/orchestrator/types.go": 1777145146.0178926,
  "internal/orchestrator/pane_manager.go": 1777220948.4045048,
  "internal/orchestrator/tmux_runner.go": 1777220948.404545,
  "internal/mcp/client.go": 1776505721.009606,
  "internal/mcp/contextcarry.go": 1776514998.0011637,
  "internal/mcp/sessioncarry.go": 1776109619.9366434,
  "internal/mcp/contextcarry_test.go": 1776515015.899563,
  "internal/api/server.go": 1776109619.9406435,
  "internal/api/handlers.go": 1776109619.9426434,
  "internal/api/websocket.go": 1776109619.9466436,
  "internal/api/middleware.go": 1776109619.9516435,
  "internal/store/sessions.go": 1776521665.7425647,
  "internal/store/sqlite.go": 1776267594.588423,
  "internal/store/proposals.go": 1776521677.8964672,
  "internal/store/contextcarry.go": 1776498021.1115844,
  "internal/store/events.go": 1776498032.6076603,
  "internal/store/migrations.go": 1777145146.019016,
  "internal/store/store_test.go": 1777159375.791793,
  "internal/store/tickets.go": 1777220948.4045918,
  "internal/decomposition/decomposer.go": 1776109619.9656436,
  "internal/decomposition/assigner.go": 1776109619.9696436,
  "internal/decomposition/prompts.go": 1776109619.9736438,
  "internal/config/agent.go": 1776190673.3288872,
  "internal/config/db.go": 1776190673.3288872,
  "internal/config/detection.go": 1776190673.3288872,
  "internal/config/detection_test.go": 1776267971.8672624,
  "internal/config/llm.go": 1776495763.0620456,
  "internal/config/mcp.go": 1776505010.8038187,
  "internal/config/scaffold_test.go": 1776190673.3288872,
  "internal/config/tui.go": 1776190673.3288872,
  "internal/config/agent_detect_test.go": 1776280940.9078534,
  "internal/config/agent_detect.go": 1776280952.187209,
  "internal/config/defaults.go": 1776877601.648181,
  "internal/config/defaults_test.go": 1776877601.648181,
  "internal/config/general.go": 1776877601.648181,
  "internal/config/loader.go": 1776877601.648181,
  "internal/config/scaffold.go": 1776877601.648181,
  "internal/config/board.go": 1777159375.791793,
  "internal/config/config.go": 1777159375.791793,
  "internal/config/config_test.go": 1777159375.791793,
  "internal/apitypes/ticket.go": 1776109619.9866438,
  "internal/apitypes/session.go": 1776109619.9896438,
  "internal/apitypes/agent.go": 1776109619.991644,
  "internal/mcpclient/client.go": 1776506347.9534843,
  "internal/keybinding/action_test.go": 1776245300.1873677,
  "internal/keybinding/config_test.go": 1776190673.3293111,
  "internal/keybinding/keymap_test.go": 1776190673.3293111,
  "internal/keybinding/resolver.go": 1776190673.3298285,
  "internal/keybinding/resolver_test.go": 1776190673.3298285,
  "internal/keybinding/action.go": 1777159375.791793,
  "internal/keybinding/config.go": 1777159375.791793,
  "internal/keybinding/keymap.go": 1777159375.791793,
  "internal/theme/builtin.go": 1776264614.0547938,
  "internal/theme/theme_test.go": 1776264614.0553353,
  "internal/theme/loader.go": 1777207812.8752136,
  "internal/theme/theme.go": 1777207812.8752987,
  "internal/llm/client.go": 1776494820.0473728,
  "internal/llm/factory_test.go": 1776497198.9161377,
  "internal/llm/factory.go": 1776497119.3386064,
  "internal/llm/provider_openai.go": 1776497133.4857008,
  "internal/llm/provider_ollama.go": 1776497149.5688083,
  "internal/llm/provider_claude.go": 1776497169.5643108,
  "internal/llm/provider_zai.go": 1776497183.536035,
  "internal/llm/langchain.go": 1777145146.0178926,
  "internal/llm/langchain_test.go": 1777145146.0178926,
  "internal/llm/provider_minimax.go": 1777145146.0178926,
  "internal/prompt/prompts.go": 1777145146.0187972,
  "internal/prompt/prompts_test.go": 1777145146.0187972,
  "internal/pty/pty.go": 1777145146.019016,
  "internal/pty/tmux.go": 1777145146.019016,
  "internal/pty/agent.go": 1777401877.4785755,
  "internal/tmux/tmux.go": 1777145146.019016,
  "scratch/tomlmain.go": 1776504891.7914596,
  "CLAUDE.md": 1776110398.9439073,
  "AGENTS.md": 1776877601.648181,
  "README.md": 1777321701.7479482,
  "docs/roadmap.md": 1776190673.3284154,
  "docs/superpowers/plans/2026-04-14-keybinding-package.md": 1776190673.3284566,
  "docs/superpowers/plans/2026-04-14-store-package.md": 1776190673.3285363,
  "docs/superpowers/plans/2026-04-15-tui-app-root-model.md": 1776194475.5864632,
  "docs/superpowers/plans/2026-04-15-kanban-model.md": 1776233591.7027,
  "docs/superpowers/plans/2026-04-15-agent-dashboard.md": 1776245036.2139342,
  "docs/superpowers/plans/2026-04-15-theme-command-palette.md": 1776264614.0547938,
  "docs/superpowers/plans/2026-04-16-agent-assign-dropdown.md": 1776280864.369373,
  "docs/superpowers/plans/2026-04-16-ticket-card-redesign.md": 1776354949.3427098,
  "docs/superpowers/plans/2026-04-17-ai-orchestration-implementation.md": 1776492575.196511,
  "docs/superpowers/plans/2026-04-17-notification-overlay.md": 1776444633.383075,
  "docs/superpowers/plans/2026-04-19-completion-callback.md": 1777145146.0178926,
  "docs/superpowers/plans/2026-04-22-pty-go-integration.md": 1777145146.0178926,
  "docs/superpowers/plans/2026-04-26-search-time-kanban-plan.md": 1777159375.791793,
  "docs/superpowers/plans/2026-04-26-publish-distribute.md": 1777220948.4044423,
  "docs/superpowers/plans/2026-04-29-agent-completion-workflow.md": 1777479910.0872273,
  "docs/superpowers/specs/2026-04-14-config-package-design.md": 1776190673.3285363,
  "docs/superpowers/specs/2026-04-14-keybinding-package-design.md": 1776190673.3286476,
  "docs/superpowers/specs/2026-04-14-store-package-design.md": 1776190673.3286476,
  "docs/superpowers/specs/2026-04-15-tui-app-design.md": 1776194232.9442642,
  "docs/superpowers/specs/2026-04-15-kanban-model-design.md": 1776233252.5271602,